{"cameraMode":{"drawMode":0,"name":"Shaded","section":"Shading Mode"},"sceneLighting":true,"audioPlay":false,"sceneViewState":{"m_AlwaysRefresh":false,"showFog":true,"showSkybox":true,"showFlares":true,"showImageEffects":true,"showParticleSystems":true,"showVisualEffectGraphs":true,"m_FxEnabled":true},"in2DMode":false,"pivot":{"x":-159.80545043945313,"y":-12.611886024475098,"z":-26.673126220703126},"rotation":{"x":-0.06878870725631714,"y":-0.8954949378967285,"z":0.41384825110435488,"w":-0.14882123470306397},"size":31.813566207885743,"orthographic":false}